{
	"info": {
		"_postman_id": "2e3f7863-2b3f-4830-a068-e9b77b8e4c44",
		"name": "BH_DienThoai_NodeJS",
		"schema": "https://schema.getpostman.com/json/collection/v2.1.0/collection.json",
		"_exporter_id": "36389747"
	},
	"item": [
		{
			"name": "[/products]",
			"item": [
				{
					"name": "Get all products",
					"request": {
						"auth": {
							"type": "noauth"
						},
						"method": "GET",
						"header": [],
						"url": {
							"raw": "{{base_url}}/products",
							"host": [
								"{{base_url}}"
							],
							"path": [
								"products"
							]
						}
					},
					"response": []
				},
				{
					"name": "Get product by ID",
					"request": {
						"auth": {
							"type": "noauth"
						},
						"method": "GET",
						"header": [],
						"url": {
							"raw": "{{base_url}}/products/:id",
							"host": [
								"{{base_url}}"
							],
							"path": [
								"products",
								":id"
							],
							"variable": [
								{
									"key": "id",
									"value": "1"
								}
							]
						}
					},
					"response": []
				},
				{
					"name": "Add favorite product",
					"request": {
						"auth": {
							"type": "bearer",
							"bearer": [
								{
									"key": "token",
									"value": "{{accessToken}}",
									"type": "string"
								}
							]
						},
						"method": "POST",
						"header": [],
						"url": {
							"raw": "{{base_url}}/products/:id/favorite",
							"host": [
								"{{base_url}}"
							],
							"path": [
								"products",
								":id",
								"favorite"
							],
							"variable": [
								{
									"key": "id",
									"value": "1"
								}
							]
						}
					},
					"response": []
				},
				{
					"name": "Delete Favorite product",
					"request": {
						"auth": {
							"type": "bearer",
							"bearer": [
								{
									"key": "token",
									"value": "{{accessToken}}",
									"type": "string"
								}
							]
						},
						"method": "DELETE",
						"header": [],
						"url": {
							"raw": "{{base_url}}/products/:id/favorite",
							"host": [
								"{{base_url}}"
							],
							"path": [
								"products",
								":id",
								"favorite"
							],
							"variable": [
								{
									"key": "id",
									"value": "1"
								}
							]
						}
					},
					"response": []
				}
			]
		},
		{
			"name": "[/accounts]",
			"item": [
				{
					"name": "Auth (Login)",
					"event": [
						{
							"listen": "test",
							"script": {
								"exec": [
									"pm.test(\"Status code is 200\", function () {\r",
									"    pm.response.to.have.status(200);\r",
									"});\r",
									"\r",
									"pm.environment.set('accessToken', pm.response.json().accessToken);"
								],
								"type": "text/javascript",
								"packages": {}
							}
						}
					],
					"request": {
						"auth": {
							"type": "noauth"
						},
						"method": "POST",
						"header": [],
						"body": {
							"mode": "urlencoded",
							"urlencoded": [
								{
									"key": "username",
									"value": "a",
									"type": "text"
								},
								{
									"key": "password",
									"value": "khanh",
									"type": "text"
								}
							]
						},
						"url": {
							"raw": "{{base_url}}/accounts/auth",
							"host": [
								"{{base_url}}"
							],
							"path": [
								"accounts",
								"auth"
							]
						}
					},
					"response": []
				},
				{
					"name": "Register account",
					"request": {
						"auth": {
							"type": "noauth"
						},
						"method": "POST",
						"header": [],
						"body": {
							"mode": "raw",
							"raw": "{\r\n  \"username\": \"zz\",\r\n  \"password\": \"zz\",\r\n  \"email\": \"zz@gmail.com\",\r\n  \"firstName\": \"a\",\r\n  \"lastName\": \"b\"\r\n}",
							"options": {
								"raw": {
									"language": "json"
								}
							}
						},
						"url": {
							"raw": "{{base_url}}/accounts",
							"host": [
								"{{base_url}}"
							],
							"path": [
								"accounts"
							]
						}
					},
					"response": []
				},
				{
					"name": "Forgot password",
					"request": {
						"auth": {
							"type": "noauth"
						},
						"method": "POST",
						"header": [],
						"body": {
							"mode": "raw",
							"raw": "{\r\n  \"username\": \"zz\",\r\n  \"email\": \"zz@gmail.com\"\r\n}",
							"options": {
								"raw": {
									"language": "json"
								}
							}
						},
						"url": {
							"raw": "{{base_url}}/accounts/forgot",
							"host": [
								"{{base_url}}"
							],
							"path": [
								"accounts",
								"forgot"
							]
						}
					},
					"response": []
				},
				{
					"name": "Change password",
					"request": {
						"auth": {
							"type": "bearer",
							"bearer": [
								{
									"key": "token",
									"value": "{{accessToken}}",
									"type": "string"
								}
							]
						},
						"method": "PATCH",
						"header": [],
						"body": {
							"mode": "raw",
							"raw": "{\r\n  \"oldPassword\": \"4984f3064dd7a408\",\r\n  \"newPassword\": \"zz\"\r\n}",
							"options": {
								"raw": {
									"language": "json"
								}
							}
						},
						"url": {
							"raw": "{{base_url}}/accounts/password",
							"host": [
								"{{base_url}}"
							],
							"path": [
								"accounts",
								"password"
							]
						}
					},
					"response": []
				},
				{
					"name": "Logout",
					"event": [
						{
							"listen": "test",
							"script": {
								"exec": [
									"pm.test(\"Status code is 200\", function () {\r",
									"    pm.response.to.have.status(200);\r",
									"});\r",
									"\r",
									"pm.environment.set('accessToken', '');"
								],
								"type": "text/javascript",
								"packages": {}
							}
						}
					],
					"request": {
						"auth": {
							"type": "bearer",
							"bearer": [
								{
									"key": "token",
									"value": "{{accessToken}}",
									"type": "string"
								}
							]
						},
						"method": "DELETE",
						"header": [],
						"body": {
							"mode": "urlencoded",
							"urlencoded": [
								{
									"key": "username",
									"value": "a",
									"type": "text"
								},
								{
									"key": "password",
									"value": "khanh",
									"type": "text"
								}
							]
						},
						"url": {
							"raw": "{{base_url}}/accounts",
							"host": [
								"{{base_url}}"
							],
							"path": [
								"accounts"
							]
						}
					},
					"response": []
				}
			]
		},
		{
			"name": "[/chatbot]",
			"item": [
				{
					"name": "Get history message",
					"protocolProfileBehavior": {
						"disableBodyPruning": true
					},
					"request": {
						"auth": {
							"type": "bearer",
							"bearer": [
								{
									"key": "token",
									"value": "{{accessToken}}",
									"type": "string"
								}
							]
						},
						"method": "GET",
						"header": [],
						"body": {
							"mode": "formdata",
							"formdata": [
								{
									"key": "accessToken",
									"value": "eyJhbGciOiJIUzI1NiIsInR5cCI6IkpXVCJ9.eyJ1c2VySWQiOjEsInVzZXJuYW1lIjoiYSIsImlhdCI6MTc0MDAzNzIzNiwiZXhwIjoxNzQwMDgwNDM2fQ.JYdfFitM-sPK9T0CFVJOqvMCy8oIDARU-dpHFU-DXrc",
									"type": "text"
								}
							]
						},
						"url": {
							"raw": "{{base_url}}/chatbot",
							"host": [
								"{{base_url}}"
							],
							"path": [
								"chatbot"
							]
						}
					},
					"response": []
				},
				{
					"name": "Delete history message",
					"request": {
						"auth": {
							"type": "bearer",
							"bearer": [
								{
									"key": "token",
									"value": "{{accessToken}}",
									"type": "string"
								}
							]
						},
						"method": "DELETE",
						"header": [],
						"body": {
							"mode": "formdata",
							"formdata": [
								{
									"key": "accessToken",
									"value": "eyJhbGciOiJIUzI1NiIsInR5cCI6IkpXVCJ9.eyJ1c2VySWQiOjEsInVzZXJuYW1lIjoiYSIsImlhdCI6MTc0MDAzNzIzNiwiZXhwIjoxNzQwMDgwNDM2fQ.JYdfFitM-sPK9T0CFVJOqvMCy8oIDARU-dpHFU-DXrc",
									"type": "text"
								}
							]
						},
						"url": {
							"raw": "{{base_url}}/chatbot",
							"host": [
								"{{base_url}}"
							],
							"path": [
								"chatbot"
							]
						}
					},
					"response": []
				},
				{
					"name": "Send a message",
					"request": {
						"auth": {
							"type": "bearer",
							"bearer": [
								{
									"key": "token",
									"value": "{{accessToken}}",
									"type": "string"
								}
							]
						},
						"method": "POST",
						"header": [],
						"body": {
							"mode": "urlencoded",
							"urlencoded": [
								{
									"key": "message",
									"value": "Hello World!",
									"type": "text"
								}
							]
						},
						"url": {
							"raw": "{{base_url}}/chatbot",
							"host": [
								"{{base_url}}"
							],
							"path": [
								"chatbot"
							]
						}
					},
					"response": []
				}
			]
		},
		{
			"name": "[/address]",
			"item": [
				{
					"name": "Get all address",
					"protocolProfileBehavior": {
						"disableBodyPruning": true
					},
					"request": {
						"auth": {
							"type": "bearer",
							"bearer": [
								{
									"key": "token",
									"value": "{{accessToken}}",
									"type": "string"
								}
							]
						},
						"method": "GET",
						"header": [],
						"body": {
							"mode": "formdata",
							"formdata": [
								{
									"key": "accessToken",
									"value": "eyJhbGciOiJIUzI1NiIsInR5cCI6IkpXVCJ9.eyJ1c2VySWQiOjEsInVzZXJuYW1lIjoiYSIsImlhdCI6MTc0MDAzNzIzNiwiZXhwIjoxNzQwMDgwNDM2fQ.JYdfFitM-sPK9T0CFVJOqvMCy8oIDARU-dpHFU-DXrc",
									"type": "text"
								}
							]
						},
						"url": {
							"raw": "{{base_url}}/address",
							"host": [
								"{{base_url}}"
							],
							"path": [
								"address"
							]
						}
					},
					"response": []
				},
				{
					"name": "Add new address",
					"event": [
						{
							"listen": "test",
							"script": {
								"exec": [
									"pm.collectionVariables.set(\"addressId\", pm.response.json().address.id)"
								],
								"type": "text/javascript",
								"packages": {}
							}
						}
					],
					"request": {
						"auth": {
							"type": "bearer",
							"bearer": [
								{
									"key": "token",
									"value": "{{accessToken}}",
									"type": "string"
								}
							]
						},
						"method": "POST",
						"header": [],
						"body": {
							"mode": "urlencoded",
							"urlencoded": [
								{
									"key": "fullName",
									"value": "Nguyen Van Khanh",
									"type": "text"
								},
								{
									"key": "address",
									"value": "HCM",
									"type": "text"
								},
								{
									"key": "phone",
									"value": "0123456789",
									"type": "text"
								}
							]
						},
						"url": {
							"raw": "{{base_url}}/address",
							"host": [
								"{{base_url}}"
							],
							"path": [
								"address"
							]
						}
					},
					"response": []
				},
				{
					"name": "Get a address",
					"protocolProfileBehavior": {
						"disableBodyPruning": true
					},
					"request": {
						"auth": {
							"type": "bearer",
							"bearer": [
								{
									"key": "token",
									"value": "{{accessToken}}",
									"type": "string"
								}
							]
						},
						"method": "GET",
						"header": [],
						"body": {
							"mode": "formdata",
							"formdata": [
								{
									"key": "accessToken",
									"value": "eyJhbGciOiJIUzI1NiIsInR5cCI6IkpXVCJ9.eyJ1c2VySWQiOjEsInVzZXJuYW1lIjoiYSIsImlhdCI6MTc0MDAzNzIzNiwiZXhwIjoxNzQwMDgwNDM2fQ.JYdfFitM-sPK9T0CFVJOqvMCy8oIDARU-dpHFU-DXrc",
									"type": "text"
								}
							]
						},
						"url": {
							"raw": "{{base_url}}/address/:id",
							"host": [
								"{{base_url}}"
							],
							"path": [
								"address",
								":id"
							],
							"variable": [
								{
									"key": "id",
									"value": "{{addressId}}"
								}
							]
						}
					},
					"response": []
				},
				{
					"name": "Update a address",
					"request": {
						"auth": {
							"type": "bearer",
							"bearer": [
								{
									"key": "token",
									"value": "{{accessToken}}",
									"type": "string"
								}
							]
						},
						"method": "PUT",
						"header": [],
						"body": {
							"mode": "urlencoded",
							"urlencoded": [
								{
									"key": "fullName",
									"value": "Nguyen Van A",
									"type": "text"
								},
								{
									"key": "address",
									"value": "Ha Noi",
									"type": "text"
								},
								{
									"key": "phone",
									"value": "0987654321",
									"type": "text"
								}
							]
						},
						"url": {
							"raw": "{{base_url}}/address/:id",
							"host": [
								"{{base_url}}"
							],
							"path": [
								"address",
								":id"
							],
							"variable": [
								{
									"key": "id",
									"value": "{{addressId}}"
								}
							]
						}
					},
					"response": []
				},
				{
					"name": "Delete a address",
					"request": {
						"auth": {
							"type": "bearer",
							"bearer": [
								{
									"key": "token",
									"value": "{{accessToken}}",
									"type": "string"
								}
							]
						},
						"method": "DELETE",
						"header": [],
						"body": {
							"mode": "formdata",
							"formdata": [
								{
									"key": "accessToken",
									"value": "eyJhbGciOiJIUzI1NiIsInR5cCI6IkpXVCJ9.eyJ1c2VySWQiOjEsInVzZXJuYW1lIjoiYSIsImlhdCI6MTc0MDAzNzIzNiwiZXhwIjoxNzQwMDgwNDM2fQ.JYdfFitM-sPK9T0CFVJOqvMCy8oIDARU-dpHFU-DXrc",
									"type": "text"
								}
							]
						},
						"url": {
							"raw": "{{base_url}}/address/:id",
							"host": [
								"{{base_url}}"
							],
							"path": [
								"address",
								":id"
							],
							"variable": [
								{
									"key": "id",
									"value": "{{addressId}}"
								}
							]
						}
					},
					"response": []
				}
			]
		},
		{
			"name": "[/carts]",
			"item": [
				{
					"name": "Get all items in cart",
					"protocolProfileBehavior": {
						"disableBodyPruning": true
					},
					"request": {
						"auth": {
							"type": "bearer",
							"bearer": [
								{
									"key": "token",
									"value": "{{accessToken}}",
									"type": "string"
								}
							]
						},
						"method": "GET",
						"header": [],
						"body": {
							"mode": "formdata",
							"formdata": [
								{
									"key": "accessToken",
									"value": "eyJhbGciOiJIUzI1NiIsInR5cCI6IkpXVCJ9.eyJ1c2VySWQiOjEsInVzZXJuYW1lIjoiYSIsImlhdCI6MTc0MDAzNzIzNiwiZXhwIjoxNzQwMDgwNDM2fQ.JYdfFitM-sPK9T0CFVJOqvMCy8oIDARU-dpHFU-DXrc",
									"type": "text"
								}
							]
						},
						"url": {
							"raw": "{{base_url}}/carts",
							"host": [
								"{{base_url}}"
							],
							"path": [
								"carts"
							]
						}
					},
					"response": []
				},
				{
					"name": "Add product to cart",
					"request": {
						"auth": {
							"type": "bearer",
							"bearer": [
								{
									"key": "token",
									"value": "{{accessToken}}",
									"type": "string"
								}
							]
						},
						"method": "POST",
						"header": [],
						"body": {
							"mode": "urlencoded",
							"urlencoded": [
								{
									"key": "productId",
									"value": "1",
									"type": "text"
								},
								{
									"key": "quantity",
									"value": "0",
									"type": "text"
								},
								{
									"key": "color",
									"value": "Đen",
									"type": "text"
								}
							]
						},
						"url": {
							"raw": "{{base_url}}/carts",
							"host": [
								"{{base_url}}"
							],
							"path": [
								"carts"
							]
						}
					},
					"response": []
				},
				{
					"name": "Update product in cart",
					"request": {
						"auth": {
							"type": "bearer",
							"bearer": [
								{
									"key": "token",
									"value": "{{accessToken}}",
									"type": "string"
								}
							]
						},
						"method": "PUT",
						"header": [],
						"body": {
							"mode": "urlencoded",
							"urlencoded": [
								{
									"key": "productId",
									"value": "1",
									"type": "text"
								},
								{
									"key": "quantity",
									"value": "2",
									"type": "text"
								},
								{
									"key": "color",
									"value": "Đen",
									"type": "text"
								}
							]
						},
						"url": {
							"raw": "{{base_url}}/carts/:productId",
							"host": [
								"{{base_url}}"
							],
							"path": [
								"carts",
								":productId"
							],
							"variable": [
								{
									"key": "productId",
									"value": "1"
								}
							]
						}
					},
					"response": []
				},
				{
					"name": "Delete product from cart",
					"request": {
						"auth": {
							"type": "bearer",
							"bearer": [
								{
									"key": "token",
									"value": "{{accessToken}}",
									"type": "string"
								}
							]
						},
						"method": "DELETE",
						"header": [],
						"body": {
							"mode": "urlencoded",
							"urlencoded": [
								{
									"key": "productId",
									"value": "1",
									"type": "text",
									"disabled": true
								},
								{
									"key": "color",
									"value": "Đen",
									"type": "text"
								}
							]
						},
						"url": {
							"raw": "{{base_url}}/carts/:productId",
							"host": [
								"{{base_url}}"
							],
							"path": [
								"carts",
								":productId"
							],
							"variable": [
								{
									"key": "productId",
									"value": "1"
								}
							]
						}
					},
					"response": []
				}
			]
		},
		{
			"name": "[/orders]",
			"item": [
				{
					"name": "Get all orders",
					"protocolProfileBehavior": {
						"disableBodyPruning": true
					},
					"request": {
						"auth": {
							"type": "bearer",
							"bearer": [
								{
									"key": "token",
									"value": "{{accessToken}}",
									"type": "string"
								}
							]
						},
						"method": "GET",
						"header": [],
						"body": {
							"mode": "formdata",
							"formdata": [
								{
									"key": "accessToken",
									"value": "eyJhbGciOiJIUzI1NiIsInR5cCI6IkpXVCJ9.eyJ1c2VySWQiOjEsInVzZXJuYW1lIjoiYSIsImlhdCI6MTc0MDAzNzIzNiwiZXhwIjoxNzQwMDgwNDM2fQ.JYdfFitM-sPK9T0CFVJOqvMCy8oIDARU-dpHFU-DXrc",
									"type": "text"
								}
							]
						},
						"url": {
							"raw": "{{base_url}}/orders",
							"host": [
								"{{base_url}}"
							],
							"path": [
								"orders"
							]
						}
					},
					"response": []
				},
				{
					"name": "Get info a order",
					"protocolProfileBehavior": {
						"disableBodyPruning": true
					},
					"request": {
						"auth": {
							"type": "bearer",
							"bearer": [
								{
									"key": "token",
									"value": "{{accessToken}}",
									"type": "string"
								}
							]
						},
						"method": "GET",
						"header": [],
						"body": {
							"mode": "urlencoded",
							"urlencoded": []
						},
						"url": {
							"raw": "{{base_url}}/orders/:id",
							"host": [
								"{{base_url}}"
							],
							"path": [
								"orders",
								":id"
							],
							"variable": [
								{
									"key": "id",
									"value": "{{orderId}}"
								}
							]
						}
					},
					"response": []
				},
				{
					"name": "Create a order",
					"event": [
						{
							"listen": "test",
							"script": {
								"exec": [
									"pm.test(\"Status code is 200\", function () {\r",
									"    pm.response.to.have.status(200);\r",
									"});\r",
									"\r",
									"pm.collectionVariables.set(\"orderId\", pm.response.json().orderId);"
								],
								"type": "text/javascript",
								"packages": {}
							}
						}
					],
					"request": {
						"auth": {
							"type": "bearer",
							"bearer": [
								{
									"key": "token",
									"value": "{{accessToken}}",
									"type": "string"
								}
							]
						},
						"method": "POST",
						"header": [],
						"body": {
							"mode": "raw",
							"raw": "{\r\n  \"payment\": \"nganhang\",\r\n  \"address\": 18,\r\n  \"products\": [\r\n    {\r\n      \"id\": 1,\r\n      \"color\": \"Đen\",\r\n      \"quantity\": 2\r\n    }\r\n  ],\r\n  \"voucherCode\": \"\"\r\n}",
							"options": {
								"raw": {
									"language": "json"
								}
							}
						},
						"url": {
							"raw": "{{base_url}}/orders",
							"host": [
								"{{base_url}}"
							],
							"path": [
								"orders"
							]
						}
					},
					"response": []
				},
				{
					"name": "Success paid",
					"request": {
						"auth": {
							"type": "bearer",
							"bearer": [
								{
									"key": "token",
									"value": "{{accessToken}}",
									"type": "string"
								}
							]
						},
						"method": "POST",
						"header": [],
						"body": {
							"mode": "urlencoded",
							"urlencoded": [
								{
									"key": "payment",
									"value": "",
									"type": "text"
								},
								{
									"key": "status",
									"value": "",
									"type": "text"
								},
								{
									"key": "address",
									"value": "",
									"type": "text"
								},
								{
									"key": "products",
									"value": "",
									"type": "text"
								},
								{
									"key": "voucherCode",
									"value": "",
									"type": "text"
								}
							]
						},
						"url": {
							"raw": "{{base_url}}/orders/:id/success",
							"host": [
								"{{base_url}}"
							],
							"path": [
								"orders",
								":id",
								"success"
							],
							"variable": [
								{
									"key": "id",
									"value": "{{orderId}}"
								}
							]
						}
					},
					"response": []
				},
				{
					"name": "Cancel a order",
					"request": {
						"auth": {
							"type": "bearer",
							"bearer": [
								{
									"key": "token",
									"value": "{{accessToken}}",
									"type": "string"
								}
							]
						},
						"method": "DELETE",
						"header": [],
						"body": {
							"mode": "urlencoded",
							"urlencoded": [
								{
									"key": "payment",
									"value": "",
									"type": "text"
								},
								{
									"key": "status",
									"value": "",
									"type": "text"
								},
								{
									"key": "address",
									"value": "",
									"type": "text"
								},
								{
									"key": "products",
									"value": "",
									"type": "text"
								},
								{
									"key": "voucherCode",
									"value": "",
									"type": "text"
								}
							]
						},
						"url": {
							"raw": "{{base_url}}/orders/:id",
							"host": [
								"{{base_url}}"
							],
							"path": [
								"orders",
								":id"
							],
							"variable": [
								{
									"key": "id",
									"value": "{{orderId}}"
								}
							]
						}
					},
					"response": []
				}
			]
		},
		{
			"name": "[/vouchers]",
			"item": [
				{
					"name": "Check voucher by Code",
					"protocolProfileBehavior": {
						"disableBodyPruning": true
					},
					"request": {
						"auth": {
							"type": "bearer",
							"bearer": [
								{
									"key": "token",
									"value": "{{accessToken}}",
									"type": "string"
								}
							]
						},
						"method": "GET",
						"header": [],
						"body": {
							"mode": "formdata",
							"formdata": [
								{
									"key": "accessToken",
									"value": "eyJhbGciOiJIUzI1NiIsInR5cCI6IkpXVCJ9.eyJ1c2VySWQiOjEsInVzZXJuYW1lIjoiYSIsImlhdCI6MTc0MDAzNzIzNiwiZXhwIjoxNzQwMDgwNDM2fQ.JYdfFitM-sPK9T0CFVJOqvMCy8oIDARU-dpHFU-DXrc",
									"type": "text"
								}
							]
						},
						"url": {
							"raw": "{{base_url}}/vouchers/KHANHSTORE10",
							"host": [
								"{{base_url}}"
							],
							"path": [
								"vouchers",
								"KHANHSTORE10"
							]
						}
					},
					"response": []
				}
			]
		},
		{
			"name": "[/users]",
			"item": [
				{
					"name": "Get info user",
					"protocolProfileBehavior": {
						"disableBodyPruning": true
					},
					"request": {
						"auth": {
							"type": "bearer",
							"bearer": [
								{
									"key": "token",
									"value": "{{accessToken}}",
									"type": "string"
								}
							]
						},
						"method": "GET",
						"header": [],
						"body": {
							"mode": "formdata",
							"formdata": [
								{
									"key": "accessToken",
									"value": "eyJhbGciOiJIUzI1NiIsInR5cCI6IkpXVCJ9.eyJ1c2VySWQiOjEsInVzZXJuYW1lIjoiYSIsImlhdCI6MTc0MDAzNzIzNiwiZXhwIjoxNzQwMDgwNDM2fQ.JYdfFitM-sPK9T0CFVJOqvMCy8oIDARU-dpHFU-DXrc",
									"type": "text"
								}
							]
						},
						"url": {
							"raw": "{{base_url}}/user",
							"host": [
								"{{base_url}}"
							],
							"path": [
								"user"
							]
						}
					},
					"response": []
				}
			]
		},
		{
			"name": "[/img]",
			"item": [
				{
					"name": "Get avatar url",
					"protocolProfileBehavior": {
						"disableBodyPruning": true
					},
					"request": {
						"auth": {
							"type": "bearer",
							"bearer": [
								{
									"key": "token",
									"value": "{{accessToken}}",
									"type": "string"
								}
							]
						},
						"method": "GET",
						"header": [],
						"body": {
							"mode": "formdata",
							"formdata": [
								{
									"key": "accessToken",
									"value": "eyJhbGciOiJIUzI1NiIsInR5cCI6IkpXVCJ9.eyJ1c2VySWQiOjEsInVzZXJuYW1lIjoiYSIsImlhdCI6MTc0MDAzNzIzNiwiZXhwIjoxNzQwMDgwNDM2fQ.JYdfFitM-sPK9T0CFVJOqvMCy8oIDARU-dpHFU-DXrc",
									"type": "text"
								}
							]
						},
						"url": {
							"raw": "{{base_url}}/img",
							"host": [
								"{{base_url}}"
							],
							"path": [
								"img"
							]
						}
					},
					"response": []
				}
			]
		},
		{
			"name": "[/status]",
			"item": [
				{
					"name": "Get status",
					"protocolProfileBehavior": {
						"disableBodyPruning": true
					},
					"request": {
						"auth": {
							"type": "bearer",
							"bearer": [
								{
									"key": "token",
									"value": "{{accessToken}}",
									"type": "string"
								}
							]
						},
						"method": "GET",
						"header": [],
						"body": {
							"mode": "formdata",
							"formdata": [
								{
									"key": "accessToken",
									"value": "eyJhbGciOiJIUzI1NiIsInR5cCI6IkpXVCJ9.eyJ1c2VySWQiOjEsInVzZXJuYW1lIjoiYSIsImlhdCI6MTc0MDAzNzIzNiwiZXhwIjoxNzQwMDgwNDM2fQ.JYdfFitM-sPK9T0CFVJOqvMCy8oIDARU-dpHFU-DXrc",
									"type": "text"
								}
							]
						},
						"url": {
							"raw": "{{base_url}}/status",
							"host": [
								"{{base_url}}"
							],
							"path": [
								"status"
							]
						}
					},
					"response": []
				}
			]
		},
		{
			"name": "Auth (Login) Copy",
			"event": [
				{
					"listen": "test",
					"script": {
						"exec": [
							"pm.test(\"Status code is 200\", function () {\r",
							"    pm.response.to.have.status(200);\r",
							"});\r",
							"\r",
							"pm.environment.set('accessToken', pm.response.json().accessToken);"
						],
						"type": "text/javascript",
						"packages": {}
					}
				}
			],
			"request": {
				"auth": {
					"type": "noauth"
				},
				"method": "POST",
				"header": [],
				"body": {
					"mode": "urlencoded",
					"urlencoded": [
						{
							"key": "username",
							"value": "a",
							"type": "text"
						},
						{
							"key": "password",
							"value": "khanh",
							"type": "text"
						}
					]
				},
				"url": {
					"raw": "{{base_url}}/accounts/auth",
					"host": [
						"{{base_url}}"
					],
					"path": [
						"accounts",
						"auth"
					]
				}
			},
			"response": []
		},
		{
			"name": "Auth (Login) Copy",
			"event": [
				{
					"listen": "test",
					"script": {
						"exec": [
							"pm.test(\"Status code is 200\", function () {\r",
							"    pm.response.to.have.status(200);\r",
							"});\r",
							"\r",
							"pm.environment.set('accessToken', pm.response.json().accessToken);"
						],
						"type": "text/javascript",
						"packages": {}
					}
				}
			],
			"request": {
				"auth": {
					"type": "noauth"
				},
				"method": "POST",
				"header": [],
				"body": {
					"mode": "urlencoded",
					"urlencoded": [
						{
							"key": "username",
							"value": "a",
							"type": "text"
						},
						{
							"key": "password",
							"value": "khanh",
							"type": "text"
						}
					]
				},
				"url": {
					"raw": "{{base_url}}/accounts/auth",
					"host": [
						"{{base_url}}"
					],
					"path": [
						"accounts",
						"auth"
					]
				}
			},
			"response": []
		}
	],
	"variable": [
		{
			"key": "addressId",
			"value": ""
		},
		{
			"key": "orderId",
			"value": ""
		}
	]
}